t,mode,target_x,target_y,target_yaw,target_speed
9.202459335327148,LOS,40.11774751888106,4.973686345828355,0.0,0.8
