{
  "test": "guidance_los",
  "guidance_mode": "LOS",
  "decision": "KABUL — LOS rota eksenine yakınsadı",
  "accepted": true,
  "waypoint_count": 1,
  "cross_track_rmse_m": 2.1582818388612517,
  "max_abs_cross_track_m": 4.973686897230755,
  "initial_cross_track_m": -4.9736868971736365,
  "final_cross_track_m": 0.0012854667234991624,
  "heading_rmse_deg": 3.6429723239333898,
  "final_distance_m": 4.613660745154195,
  "duration_sec": 50.282000000000004
}